{
  "config_file": "val_config.txt:first4",
  "online_generation": true,
  "total_elapsed": 101.23,
  "total_score_by_method": {
    "VRPOrToolsSolver": 12178.3129
  },
  "results_by_config": [
    {
      "config_name": "V_TrafficJam",
      "orders_total_fixed": 500,
      "online_generation": true,
      "results": [
        {
          "method": "VRPOrToolsSolver",
          "config_name": "V_TrafficJam",
          "total_orders": 500,
          "orders_generated": 500,
          "delivered": 461,
          "on_time": 318,
          "late": 143,
          "missed": 39,
          "delivery_rate": 92.2,
          "on_time_rate": 68.98047722342733,
          "total_reward": 7570.31,
          "total_movecost": -116.5416,
          "net_reward": 7453.7684,
          "elapsed_sec": 0.8885,
          "shipper_rewards": [
            316.2605,
            539.9067,
            435.2736,
            341.1403,
            307.7318,
            443.7988,
            386.7616,
            267.8261,
            321.9913,
            240.436,
            407.0226,
            275.4181,
            194.5487,
            207.4504,
            215.5386,
            364.0309,
            233.0666,
            338.1269,
            159.4421,
            270.1221,
            191.1558,
            263.2231,
            267.0754,
            215.0158,
            251.4047
          ],
          "status": "OK",
          "wall_sec": 0.9
        }
      ]
    },
    {
      "config_name": "V_MediumSparse",
      "orders_total_fixed": 300,
      "online_generation": true,
      "results": [
        {
          "method": "VRPOrToolsSolver",
          "config_name": "V_MediumSparse",
          "total_orders": 300,
          "orders_generated": 300,
          "delivered": 198,
          "on_time": 83,
          "late": 115,
          "missed": 102,
          "delivery_rate": 66.0,
          "on_time_rate": 41.91919191919192,
          "total_reward": 2406.5096,
          "total_movecost": -78.9636,
          "net_reward": 2327.546,
          "elapsed_sec": 2.408,
          "shipper_rewards": [
            194.6028,
            272.2183,
            262.42,
            216.1474,
            272.9372,
            321.618,
            124.5642,
            213.6867,
            110.3875,
            338.9638
          ],
          "status": "OK",
          "wall_sec": 2.44
        }
      ]
    },
    {
      "config_name": "V_Maze",
      "orders_total_fixed": 800,
      "online_generation": true,
      "results": [
        {
          "method": "VRPOrToolsSolver",
          "config_name": "V_Maze",
          "total_orders": 800,
          "orders_generated": 800,
          "delivered": 47,
          "on_time": 16,
          "late": 31,
          "missed": 753,
          "delivery_rate": 5.875,
          "on_time_rate": 34.04255319148936,
          "total_reward": 469.9101,
          "total_movecost": -96.346,
          "net_reward": 373.5641,
          "elapsed_sec": 15.7156,
          "shipper_rewards": [
            22.972,
            109.1126,
            32.1761,
            2.6479,
            0.2039,
            75.8957,
            -0.8596,
            15.1547,
            -19.98,
            9.9503,
            35.1192,
            23.3447,
            17.8862,
            -1.1512,
            51.0917
          ],
          "status": "OK",
          "wall_sec": 15.85
        }
      ]
    },
    {
      "config_name": "V_City",
      "orders_total_fixed": 1000,
      "online_generation": true,
      "results": [
        {
          "method": "VRPOrToolsSolver",
          "config_name": "V_City",
          "total_orders": 1000,
          "orders_generated": 1000,
          "delivered": 407,
          "on_time": 75,
          "late": 332,
          "missed": 593,
          "delivery_rate": 40.7,
          "on_time_rate": 18.42751842751843,
          "total_reward": 2348.131,
          "total_movecost": -324.6966,
          "net_reward": 2023.4344,
          "elapsed_sec": 80.3606,
          "shipper_rewards": [
            176.1529,
            196.3983,
            109.8314,
            21.8266,
            166.1508,
            90.5289,
            31.3174,
            30.3725,
            133.8706,
            95.6312,
            156.1087,
            111.4018,
            37.224,
            64.1203,
            172.898,
            73.0918,
            69.133,
            95.7098,
            74.999,
            116.6674
          ],
          "status": "OK",
          "wall_sec": 82.02
        }
      ]
    }
  ],
  "all_results": [
    {
      "method": "VRPOrToolsSolver",
      "config_name": "V_TrafficJam",
      "total_orders": 500,
      "orders_generated": 500,
      "delivered": 461,
      "on_time": 318,
      "late": 143,
      "missed": 39,
      "delivery_rate": 92.2,
      "on_time_rate": 68.98047722342733,
      "total_reward": 7570.31,
      "total_movecost": -116.5416,
      "net_reward": 7453.7684,
      "elapsed_sec": 0.8885,
      "shipper_rewards": [
        316.2605,
        539.9067,
        435.2736,
        341.1403,
        307.7318,
        443.7988,
        386.7616,
        267.8261,
        321.9913,
        240.436,
        407.0226,
        275.4181,
        194.5487,
        207.4504,
        215.5386,
        364.0309,
        233.0666,
        338.1269,
        159.4421,
        270.1221,
        191.1558,
        263.2231,
        267.0754,
        215.0158,
        251.4047
      ],
      "status": "OK",
      "wall_sec": 0.9
    },
    {
      "method": "VRPOrToolsSolver",
      "config_name": "V_MediumSparse",
      "total_orders": 300,
      "orders_generated": 300,
      "delivered": 198,
      "on_time": 83,
      "late": 115,
      "missed": 102,
      "delivery_rate": 66.0,
      "on_time_rate": 41.91919191919192,
      "total_reward": 2406.5096,
      "total_movecost": -78.9636,
      "net_reward": 2327.546,
      "elapsed_sec": 2.408,
      "shipper_rewards": [
        194.6028,
        272.2183,
        262.42,
        216.1474,
        272.9372,
        321.618,
        124.5642,
        213.6867,
        110.3875,
        338.9638
      ],
      "status": "OK",
      "wall_sec": 2.44
    },
    {
      "method": "VRPOrToolsSolver",
      "config_name": "V_Maze",
      "total_orders": 800,
      "orders_generated": 800,
      "delivered": 47,
      "on_time": 16,
      "late": 31,
      "missed": 753,
      "delivery_rate": 5.875,
      "on_time_rate": 34.04255319148936,
      "total_reward": 469.9101,
      "total_movecost": -96.346,
      "net_reward": 373.5641,
      "elapsed_sec": 15.7156,
      "shipper_rewards": [
        22.972,
        109.1126,
        32.1761,
        2.6479,
        0.2039,
        75.8957,
        -0.8596,
        15.1547,
        -19.98,
        9.9503,
        35.1192,
        23.3447,
        17.8862,
        -1.1512,
        51.0917
      ],
      "status": "OK",
      "wall_sec": 15.85
    },
    {
      "method": "VRPOrToolsSolver",
      "config_name": "V_City",
      "total_orders": 1000,
      "orders_generated": 1000,
      "delivered": 407,
      "on_time": 75,
      "late": 332,
      "missed": 593,
      "delivery_rate": 40.7,
      "on_time_rate": 18.42751842751843,
      "total_reward": 2348.131,
      "total_movecost": -324.6966,
      "net_reward": 2023.4344,
      "elapsed_sec": 80.3606,
      "shipper_rewards": [
        176.1529,
        196.3983,
        109.8314,
        21.8266,
        166.1508,
        90.5289,
        31.3174,
        30.3725,
        133.8706,
        95.6312,
        156.1087,
        111.4018,
        37.224,
        64.1203,
        172.898,
        73.0918,
        69.133,
        95.7098,
        74.999,
        116.6674
      ],
      "status": "OK",
      "wall_sec": 82.02
    }
  ]
}