{
  "config_name": "V_TrafficJam",
  "orders_total_fixed": 500,
  "online_generation": true,
  "results": [
    {
      "method": "GreedyBFS",
      "config_name": "V_TrafficJam",
      "total_orders": 500,
      "orders_generated": 500,
      "delivered": 329,
      "on_time": 170,
      "late": 159,
      "missed": 171,
      "delivery_rate": 65.8,
      "on_time_rate": 51.671732522796354,
      "total_reward": 4570.2511,
      "total_movecost": -108.0845,
      "net_reward": 4462.1666,
      "elapsed_sec": 0.6024,
      "shipper_rewards": [
        287.1241,
        329.9632,
        160.3406,
        77.9237,
        169.1727,
        210.6544,
        225.1636,
        123.5398,
        190.1933,
        268.3786,
        81.2933,
        262.896,
        229.2711,
        113.3364,
        43.4381,
        170.1924,
        247.9893,
        175.7589,
        96.7266,
        207.8887,
        121.7532,
        149.3922,
        139.1865,
        184.4796,
        196.1102
      ],
      "status": "OK",
      "wall_sec": 0.61
    },
    {
      "method": "VRPOrToolsSolver",
      "config_name": "V_TrafficJam",
      "total_orders": 500,
      "orders_generated": 500,
      "delivered": 439,
      "on_time": 285,
      "late": 154,
      "missed": 61,
      "delivery_rate": 87.8,
      "on_time_rate": 64.92027334851936,
      "total_reward": 6974.2333,
      "total_movecost": -106.3456,
      "net_reward": 6867.8877,
      "elapsed_sec": 1.0073,
      "shipper_rewards": [
        406.4855,
        412.7375,
        419.8404,
        419.3303,
        171.9132,
        460.051,
        438.5013,
        328.7673,
        344.4844,
        147.4044,
        265.8099,
        25.5924,
        225.4272,
        398.9558,
        189.2401,
        218.8259,
        201.3949,
        151.3462,
        87.0476,
        166.9412,
        431.5956,
        232.6402,
        232.9445,
        336.0548,
        154.556
      ],
      "status": "OK",
      "wall_sec": 1.02
    },
    {
      "method": "ACOSolver",
      "config_name": "V_TrafficJam",
      "total_orders": 500,
      "orders_generated": 500,
      "delivered": 468,
      "on_time": 320,
      "late": 148,
      "missed": 32,
      "delivery_rate": 93.6,
      "on_time_rate": 68.37606837606837,
      "total_reward": 7607.622,
      "total_movecost": -116.6597,
      "net_reward": 7490.9623,
      "elapsed_sec": 1.8645,
      "shipper_rewards": [
        524.6858,
        364.3567,
        609.0177,
        515.1642,
        400.6221,
        496.4683,
        481.5687,
        331.4018,
        229.2575,
        297.6265,
        229.8925,
        221.8907,
        314.4004,
        323.307,
        293.0123,
        188.3964,
        142.6837,
        313.3822,
        209.7496,
        95.0458,
        160.9658,
        193.1248,
        229.3342,
        238.7176,
        86.8899
      ],
      "status": "OK",
      "wall_sec": 1.88
    },
    {
      "method": "MAPDCBSSolver",
      "config_name": "V_TrafficJam",
      "total_orders": 500,
      "orders_generated": 500,
      "delivered": 343,
      "on_time": 167,
      "late": 176,
      "missed": 157,
      "delivery_rate": 68.6,
      "on_time_rate": 48.68804664723032,
      "total_reward": 4534.1096,
      "total_movecost": -62.0992,
      "net_reward": 4472.0105,
      "elapsed_sec": 1.283,
      "shipper_rewards": [
        164.739,
        161.5611,
        372.9104,
        175.8925,
        143.2794,
        157.637,
        99.9199,
        214.496,
        154.8808,
        303.4548,
        18.6558,
        241.9514,
        128.152,
        212.3056,
        157.4548,
        253.5303,
        189.8906,
        113.3094,
        164.3558,
        202.9507,
        189.6852,
        187.6667,
        204.3128,
        108.9851,
        150.0334
      ],
      "status": "OK",
      "wall_sec": 1.29
    }
  ]
}