{
  "config_name": "V_MediumSparse",
  "orders_total_fixed": 300,
  "online_generation": true,
  "results": [
    {
      "method": "GreedyBFS",
      "config_name": "V_MediumSparse",
      "total_orders": 300,
      "orders_generated": 300,
      "delivered": 191,
      "on_time": 93,
      "late": 98,
      "missed": 109,
      "delivery_rate": 63.666666666666664,
      "on_time_rate": 48.69109947643979,
      "total_reward": 2297.4905,
      "total_movecost": -75.9626,
      "net_reward": 2221.5279,
      "elapsed_sec": 1.7283,
      "shipper_rewards": [
        463.9249,
        414.2083,
        110.8399,
        172.7402,
        171.7354,
        146.7261,
        168.578,
        188.9269,
        162.6701,
        221.178
      ],
      "status": "OK",
      "wall_sec": 1.76
    },
    {
      "method": "VRPOrToolsSolver",
      "config_name": "V_MediumSparse",
      "total_orders": 300,
      "orders_generated": 300,
      "delivered": 92,
      "on_time": 52,
      "late": 40,
      "missed": 208,
      "delivery_rate": 30.666666666666668,
      "on_time_rate": 56.52173913043478,
      "total_reward": 1225.1857,
      "total_movecost": -56.9839,
      "net_reward": 1168.2018,
      "elapsed_sec": 2.6522,
      "shipper_rewards": [
        163.2685,
        61.4023,
        127.2241,
        197.8018,
        238.8485,
        19.5641,
        26.9645,
        114.1182,
        116.008,
        103.0017
      ],
      "status": "OK",
      "wall_sec": 2.69
    },
    {
      "method": "ACOSolver",
      "config_name": "V_MediumSparse",
      "total_orders": 300,
      "orders_generated": 300,
      "delivered": 186,
      "on_time": 78,
      "late": 108,
      "missed": 114,
      "delivery_rate": 62.0,
      "on_time_rate": 41.935483870967744,
      "total_reward": 1981.6094,
      "total_movecost": -74.5158,
      "net_reward": 1907.0937,
      "elapsed_sec": 3.9189,
      "shipper_rewards": [
        190.6286,
        238.106,
        228.6667,
        215.5376,
        165.2879,
        200.736,
        71.8193,
        224.8739,
        183.7654,
        187.6723
      ],
      "status": "OK",
      "wall_sec": 3.95
    },
    {
      "method": "MAPDCBSSolver",
      "config_name": "V_MediumSparse",
      "total_orders": 300,
      "orders_generated": 300,
      "delivered": 208,
      "on_time": 103,
      "late": 105,
      "missed": 92,
      "delivery_rate": 69.33333333333333,
      "on_time_rate": 49.51923076923077,
      "total_reward": 2587.242,
      "total_movecost": -74.188,
      "net_reward": 2513.054,
      "elapsed_sec": 2.3024,
      "shipper_rewards": [
        297.2622,
        213.7861,
        295.8544,
        283.5761,
        134.5429,
        269.8842,
        96.3316,
        361.9028,
        224.0019,
        335.9117
      ],
      "status": "OK",
      "wall_sec": 2.34
    }
  ]
}