{
  "config_name": "V_Maze",
  "orders_total_fixed": 800,
  "online_generation": true,
  "results": [
    {
      "method": "GreedyBFS",
      "config_name": "V_Maze",
      "total_orders": 800,
      "orders_generated": 800,
      "delivered": 159,
      "on_time": 36,
      "late": 123,
      "missed": 641,
      "delivery_rate": 19.875,
      "on_time_rate": 22.641509433962263,
      "total_reward": 1125.7908,
      "total_movecost": -134.9834,
      "net_reward": 990.8073,
      "elapsed_sec": 7.8322,
      "shipper_rewards": [
        28.5802,
        111.4103,
        12.385,
        391.3524,
        63.8161,
        97.5545,
        50.8147,
        36.387,
        2.8669,
        2.7452,
        44.7065,
        34.7666,
        12.6639,
        31.4886,
        69.2695
      ],
      "status": "OK",
      "wall_sec": 7.98
    },
    {
      "method": "VRPOrToolsSolver",
      "config_name": "V_Maze",
      "total_orders": 800,
      "orders_generated": 800,
      "delivered": 18,
      "on_time": 15,
      "late": 3,
      "missed": 782,
      "delivery_rate": 2.25,
      "on_time_rate": 83.33333333333333,
      "total_reward": 412.7803,
      "total_movecost": -112.8359,
      "net_reward": 299.9444,
      "elapsed_sec": 15.1363,
      "shipper_rewards": [
        58.8508,
        28.8949,
        -0.9108,
        99.8269,
        16.6646,
        6.4372,
        -1.206,
        38.876,
        -9.9367,
        25.6671,
        27.0379,
        -2.4252,
        42.2258,
        -11.3361,
        -18.722
      ],
      "status": "OK",
      "wall_sec": 15.28
    },
    {
      "method": "ACOSolver",
      "config_name": "V_Maze",
      "total_orders": 800,
      "orders_generated": 800,
      "delivered": 55,
      "on_time": 12,
      "late": 43,
      "missed": 745,
      "delivery_rate": 6.875,
      "on_time_rate": 21.818181818181817,
      "total_reward": 375.3517,
      "total_movecost": -60.6715,
      "net_reward": 314.6803,
      "elapsed_sec": 21.1001,
      "shipper_rewards": [
        123.6596,
        34.424,
        5.3317,
        24.7896,
        -0.352,
        -0.322,
        -2.0048,
        50.3104,
        10.9608,
        1.1109,
        29.5061,
        13.071,
        30.8059,
        -1.6656,
        -4.9452
      ],
      "status": "OK",
      "wall_sec": 21.27
    },
    {
      "method": "MAPDCBSSolver",
      "config_name": "V_Maze",
      "total_orders": 800,
      "orders_generated": 800,
      "delivered": 55,
      "on_time": 22,
      "late": 33,
      "missed": 745,
      "delivery_rate": 6.875,
      "on_time_rate": 40.0,
      "total_reward": 653.5693,
      "total_movecost": -71.2238,
      "net_reward": 582.3455,
      "elapsed_sec": 10.5904,
      "shipper_rewards": [
        64.0987,
        6.4763,
        20.3169,
        110.8711,
        -1.6001,
        -0.8969,
        2.5372,
        -5.2277,
        87.1347,
        36.77,
        45.8735,
        25.5362,
        78.4201,
        61.1409,
        50.8947
      ],
      "status": "OK",
      "wall_sec": 10.74
    }
  ]
}