{
  "config_name": "V_City",
  "orders_total_fixed": 1000,
  "online_generation": true,
  "results": [
    {
      "method": "GreedyBFS",
      "config_name": "V_City",
      "total_orders": 1000,
      "orders_generated": 1000,
      "delivered": 502,
      "on_time": 89,
      "late": 413,
      "missed": 498,
      "delivery_rate": 50.2,
      "on_time_rate": 17.729083665338646,
      "total_reward": 2877.4391,
      "total_movecost": -347.0406,
      "net_reward": 2530.3985,
      "elapsed_sec": 62.2691,
      "shipper_rewards": [
        307.7396,
        293.7258,
        77.7439,
        196.7045,
        112.4752,
        67.2438,
        15.7317,
        176.2744,
        98.6049,
        95.9833,
        147.5056,
        108.5995,
        75.6571,
        52.4437,
        143.7535,
        147.4865,
        -3.6369,
        99.362,
        144.3094,
        172.691
      ],
      "status": "OK",
      "wall_sec": 65.24
    },
    {
      "method": "VRPOrToolsSolver",
      "config_name": "V_City",
      "total_orders": 1000,
      "orders_generated": 1000,
      "delivered": 294,
      "on_time": 71,
      "late": 223,
      "missed": 706,
      "delivery_rate": 29.4,
      "on_time_rate": 24.14965986394558,
      "total_reward": 1972.2822,
      "total_movecost": -251.7885,
      "net_reward": 1720.4937,
      "elapsed_sec": 95.2416,
      "shipper_rewards": [
        72.6425,
        201.3201,
        148.2353,
        91.0522,
        69.3012,
        68.7532,
        78.0802,
        146.9783,
        62.7653,
        110.9885,
        109.9165,
        12.7011,
        31.324,
        70.716,
        116.3931,
        15.6267,
        149.6783,
        39.6511,
        46.2278,
        78.1425
      ],
      "status": "OK",
      "wall_sec": 97.15
    },
    {
      "method": "ACOSolver",
      "config_name": "V_City",
      "total_orders": 1000,
      "orders_generated": 1000,
      "delivered": 398,
      "on_time": 69,
      "late": 329,
      "missed": 602,
      "delivery_rate": 39.8,
      "on_time_rate": 17.33668341708543,
      "total_reward": 2234.9402,
      "total_movecost": -288.5682,
      "net_reward": 1946.3721,
      "elapsed_sec": 96.8235,
      "shipper_rewards": [
        108.0867,
        63.9435,
        63.5837,
        89.5084,
        136.2739,
        131.396,
        19.407,
        125.5234,
        88.3848,
        53.985,
        113.9589,
        57.6036,
        127.829,
        46.8659,
        80.5166,
        44.0797,
        224.7588,
        9.2166,
        187.5485,
        173.9021
      ],
      "status": "OK",
      "wall_sec": 98.68
    },
    {
      "method": "MAPDCBSSolver",
      "config_name": "V_City",
      "total_orders": 1000,
      "orders_generated": 1000,
      "delivered": 470,
      "on_time": 68,
      "late": 402,
      "missed": 530,
      "delivery_rate": 47.0,
      "on_time_rate": 14.46808510638298,
      "total_reward": 2356.1604,
      "total_movecost": -294.2425,
      "net_reward": 2061.9179,
      "elapsed_sec": 76.8156,
      "shipper_rewards": [
        14.6894,
        45.4824,
        68.5749,
        183.4801,
        200.839,
        114.1166,
        142.2526,
        156.6711,
        149.4319,
        108.9645,
        35.4623,
        16.7446,
        220.9039,
        80.4795,
        113.1829,
        54.1919,
        156.5665,
        30.3495,
        31.443,
        138.0913
      ],
      "status": "OK",
      "wall_sec": 78.46
    }
  ]
}